{"cameraMode":{"drawMode":0,"name":"Shaded","section":"Shading Mode"},"sceneLighting":true,"audioPlay":false,"sceneViewState":{"showFog":false,"showMaterialUpdate":false,"showSkybox":false,"showFlares":false,"showImageEffects":false,"showParticleSystems":true},"in2DMode":false,"pivot":{"x":-0.6333817839622498,"y":4.156582832336426,"z":22.03707504272461},"rotation":{"x":0.08359229564666748,"y":0.003584519727155566,"z":0.00030070290085859597,"w":-0.9964963793754578},"size":7.001396179199219,"orthographic":false}