{"cameraMode":{"drawMode":0,"name":"Shaded","section":"Shading Mode"},"sceneLighting":true,"audioPlay":false,"sceneViewState":{"showFog":false,"showMaterialUpdate":false,"showSkybox":false,"showFlares":false,"showImageEffects":false,"showParticleSystems":true},"in2DMode":false,"pivot":{"x":-6.039999961853027,"y":1.0,"z":28.65999984741211},"rotation":{"x":0.2399338185787201,"y":-0.027663078159093858,"z":0.006839979439973831,"w":0.9703718423843384},"size":120.43073272705078,"orthographic":false}