{"cameraMode":{"drawMode":0,"name":"Shaded","section":"Shading Mode"},"sceneLighting":false,"audioPlay":false,"sceneViewState":{"showFog":false,"showMaterialUpdate":false,"showSkybox":false,"showFlares":false,"showImageEffects":false,"showParticleSystems":true},"in2DMode":false,"pivot":{"x":-5.920000076293945,"y":1.0,"z":20.34000015258789},"rotation":{"x":0.07160641252994538,"y":-0.024836262688040735,"z":-0.0017838599160313607,"w":-0.9971205592155457},"size":5.298318386077881,"orthographic":false}