{"cameraMode":{"drawMode":0,"name":"Shaded","section":"Shading Mode"},"sceneLighting":true,"audioPlay":false,"sceneViewState":{"showFog":false,"showMaterialUpdate":false,"showSkybox":false,"showFlares":false,"showImageEffects":false,"showParticleSystems":true},"in2DMode":false,"pivot":{"x":3.6087656021118166,"y":-5.009034156799316,"z":32.65773391723633},"rotation":{"x":-0.1569405198097229,"y":-0.1440332680940628,"z":0.023141367360949518,"w":-0.976776123046875},"size":58.18489074707031,"orthographic":false}