{"cameraMode":{"drawMode":0,"name":"Shaded","section":"Shading Mode"},"sceneLighting":true,"audioPlay":false,"sceneViewState":{"showFog":false,"showMaterialUpdate":false,"showSkybox":false,"showFlares":false,"showImageEffects":false,"showParticleSystems":true},"in2DMode":false,"pivot":{"x":-0.4243254065513611,"y":4.671874523162842,"z":30.917631149291993},"rotation":{"x":0.2399338185787201,"y":-0.027663078159093858,"z":0.006839979439973831,"w":0.9703718423843384},"size":16.239511489868165,"orthographic":false}