{"cameraMode":{"drawMode":0,"name":"Shaded","section":"Shading Mode"},"sceneLighting":true,"audioPlay":false,"sceneViewState":{"showFog":false,"showMaterialUpdate":false,"showSkybox":false,"showFlares":false,"showImageEffects":false,"showParticleSystems":true},"in2DMode":false,"pivot":{"x":0.14771217107772828,"y":12.261220932006836,"z":-24.175907135009767},"rotation":{"x":0.09798499196767807,"y":-0.07158990204334259,"z":0.007067477330565453,"w":0.9925852417945862},"size":6.772560119628906,"orthographic":false}