{"cameraMode":{"drawMode":0,"name":"Shaded","section":"Shading Mode"},"sceneLighting":true,"audioPlay":false,"sceneViewState":{"showFog":false,"showMaterialUpdate":false,"showSkybox":false,"showFlares":false,"showImageEffects":false,"showParticleSystems":true},"in2DMode":false,"pivot":{"x":5.981734752655029,"y":1.503614902496338,"z":15.891003608703614},"rotation":{"x":-0.14823554456233979,"y":0.018390493467450143,"z":-0.002757087117061019,"w":-0.9887778162956238},"size":10.0,"orthographic":false}