{"cameraMode":{"drawMode":0,"name":"Shaded","section":"Shading Mode"},"sceneLighting":true,"audioPlay":false,"sceneViewState":{"showFog":false,"showMaterialUpdate":false,"showSkybox":false,"showFlares":false,"showImageEffects":false,"showParticleSystems":true},"in2DMode":false,"pivot":{"x":-5.1875081062316898,"y":51.04457092285156,"z":36.06819152832031},"rotation":{"x":0.15366925299167634,"y":-0.05244441330432892,"z":0.008167771622538567,"w":0.9866964221000671},"size":61.78628921508789,"orthographic":false}