{"cameraMode":{"drawMode":0,"name":"Shaded","section":"Shading Mode"},"sceneLighting":true,"audioPlay":false,"sceneViewState":{"showFog":false,"showMaterialUpdate":false,"showSkybox":false,"showFlares":false,"showImageEffects":false,"showParticleSystems":true},"in2DMode":false,"pivot":{"x":0.5040508508682251,"y":11.530973434448243,"z":-24.34176254272461},"rotation":{"x":0.18433719873428346,"y":-0.0029485533013939859,"z":0.0005533619550988078,"w":0.9828592538833618},"size":2.87255859375,"orthographic":false}